"id";"src";"type";"alt";"width";"height";"title";"description";"data-tags";"date";"category";"active";"poster"
1;"https://hollyngrade.com/dogs/01-adoption/1.webp";"image";"";1920;1434;"";"";"";"2012-02-17T14:44:40.000Z";"01-adoption";1;""
2;"https://hollyngrade.com/dogs/01-adoption/100.webp";"image";"";1920;1440;"";"";"";"2012-02-20T11:22:41.000Z";"01-adoption";1;""
3;"https://hollyngrade.com/dogs/01-adoption/103.webp";"image";"";1440;1920;"";"";"";"2012-02-20T22:10:30.000Z";"01-adoption";1;""
4;"https://hollyngrade.com/dogs/01-adoption/104.webp";"image";"";1920;1440;"";"";"";"2012-02-21T21:46:43.000Z";"01-adoption";1;""
5;"https://hollyngrade.com/dogs/01-adoption/112.webp";"image";"";1920;1440;"";"";"";"2012-02-25T12:17:55.000Z";"01-adoption";1;""
6;"https://hollyngrade.com/dogs/01-adoption/136.webp";"image";"";1440;1920;"";"";"";"2012-02-29T20:48:07.000Z";"01-adoption";1;""
7;"https://hollyngrade.com/dogs/01-adoption/179.webp";"image";"";1280;956;"";"";"";"2012-03-16T10:51:26.000Z";"01-adoption";1;""
8;"https://hollyngrade.com/dogs/01-adoption/2.webp";"image";"";1920;1434;"";"";"";"2012-02-17T14:44:50.000Z";"01-adoption";1;""
9;"https://hollyngrade.com/dogs/02-meetingKoda/152.webp";"image";"";1920;1440;"";"";"";"2012-03-03T14:03:21.000Z";"02-meetingKoda";1;""
10;"https://hollyngrade.com/dogs/02-meetingKoda/babies.webp";"image";"";1280;956;"";"";"";"2012-03-30T16:00:27.000Z";"02-meetingKoda";1;""
11;"https://hollyngrade.com/dogs/02-meetingKoda/iphone 010.webp";"image";"";1440;1920;"";"";"";"2012-03-16T18:13:56.000Z";"02-meetingKoda";1;""
12;"https://hollyngrade.com/dogs/02-meetingKoda/iphone 013.webp";"image";"";1439;1920;"";"";"";"2012-03-16T18:14:20.000Z";"02-meetingKoda";1;""
13;"https://hollyngrade.com/dogs/02-meetingKoda/iphone 020.webp";"image";"";1439;1920;"";"";"";"2012-03-16T18:15:32.000Z";"02-meetingKoda";1;""
14;"https://hollyngrade.com/dogs/02-meetingKoda/iphone 021.webp";"image";"";1920;1440;"";"";"";"2012-03-16T18:16:49.000Z";"02-meetingKoda";1;""
15;"https://hollyngrade.com/dogs/02-meetingKoda/iphone 036.webp";"image";"";1920;1440;"";"";"";"2012-03-17T20:06:43.000Z";"02-meetingKoda";1;""
16;"https://hollyngrade.com/dogs/03-firstYear/iphone 053.webp";"image";"";1920;1440;"";"";"";"2012-03-24T13:50:09.000Z";"03-firstYear";1;""
17;"https://hollyngrade.com/dogs/03-firstYear/iphone 062.webp";"image";"";1920;1440;"";"";"";"2012-03-25T18:59:31.000Z";"03-firstYear";1;""
18;"https://hollyngrade.com/dogs/03-firstYear/iphone 066.webp";"image";"";1920;1439;"";"";"";"2012-03-25T19:02:00.000Z";"03-firstYear";1;""
19;"https://hollyngrade.com/dogs/03-firstYear/iphone 154.webp";"image";"";1920;1440;"";"";"";"2012-04-18T18:26:41.000Z";"03-firstYear";1;""
20;"https://hollyngrade.com/dogs/03-firstYear/iphone 198.webp";"image";"";1440;1920;"";"";"";"2012-04-22T13:54:54.000Z";"03-firstYear";1;""
21;"https://hollyngrade.com/dogs/04-woodsWithMe/Chasm 2.webp";"image";"";1129;1512;"";"";"";"2012-07-04T19:21:41.000Z";"04-woodsWithMe";1;""
22;"https://hollyngrade.com/dogs/04-woodsWithMe/Chasm 3.webp";"image";"";1434;1920;"";"";"";"2012-07-14T15:35:30.000Z";"04-woodsWithMe";1;""
23;"https://hollyngrade.com/dogs/04-woodsWithMe/Chasm 4.webp";"image";"";1440;1920;"";"";"";"2013-07-08T16:46:28.000Z";"04-woodsWithMe";1;""
24;"https://hollyngrade.com/dogs/04-woodsWithMe/Chasm twins.webp";"image";"";1440;1920;"";"";"";"2013-05-16T17:15:18.000Z";"04-woodsWithMe";1;""
25;"https://hollyngrade.com/dogs/04-woodsWithMe/IMG_0102.webp";"image";"";1440;1920;"";"";"";"2013-07-04T16:10:36.000Z";"04-woodsWithMe";1;""
26;"https://hollyngrade.com/dogs/04-woodsWithMe/IMG_0103.webp";"image";"";1920;1440;"";"";"";"2013-07-04T16:10:43.000Z";"04-woodsWithMe";1;""
27;"https://hollyngrade.com/dogs/04-woodsWithMe/IMG_0104.webp";"image";"";1920;1440;"";"";"";"2013-07-04T16:10:46.000Z";"04-woodsWithMe";1;""
28;"https://hollyngrade.com/dogs/04-woodsWithMe/IMG_0123.webp";"image";"";1200;1600;"";"";"";"2013-07-04T16:01:16.000Z";"04-woodsWithMe";1;""
29;"https://hollyngrade.com/dogs/04-woodsWithMe/IMG_0155.webp";"image";"";1600;1200;"";"";"";"2013-07-07T20:04:13.000Z";"04-woodsWithMe";1;""
30;"https://hollyngrade.com/dogs/04-woodsWithMe/IMG_0156.webp";"image";"";1600;1200;"";"";"";"2013-07-07T20:04:15.000Z";"04-woodsWithMe";1;""
31;"https://hollyngrade.com/dogs/04-woodsWithMe/IMG_0189.webp";"image";"";1920;1440;"";"";"";"2013-07-09T10:16:44.000Z";"04-woodsWithMe";1;""
32;"https://hollyngrade.com/dogs/04-woodsWithMe/IMG_0190.webp";"image";"";1440;1920;"";"";"";"2013-07-09T12:18:40.000Z";"04-woodsWithMe";1;""
33;"https://hollyngrade.com/dogs/04-woodsWithMe/IMG_0311.webp";"image";"";1200;1600;"";"";"";"2013-07-21T01:14:45.000Z";"04-woodsWithMe";1;""
34;"https://hollyngrade.com/dogs/04-woodsWithMe/IMG_0311b.webp";"image";"";960;640;"";"";"";"2013-04-26T01:15:13.000Z";"04-woodsWithMe";1;""
35;"https://hollyngrade.com/dogs/04-woodsWithMe/IMG_0383.webp";"image";"";1920;1440;"";"";"";"2013-08-01T12:54:33.000Z";"04-woodsWithMe";1;""
36;"https://hollyngrade.com/dogs/04-woodsWithMe/IMG_0384.webp";"image";"";1440;1920;"";"";"";"2013-08-01T12:54:42.000Z";"04-woodsWithMe";1;""
37;"https://hollyngrade.com/dogs/04-woodsWithMe/IMG_0392.webp";"image";"";1600;1200;"";"";"";"2013-08-02T01:15:39.000Z";"04-woodsWithMe";1;""
38;"https://hollyngrade.com/dogs/04-woodsWithMe/IMG_0426.webp";"image";"";1920;1440;"";"";"";"2013-08-05T01:16:08.000Z";"04-woodsWithMe";1;""
39;"https://hollyngrade.com/dogs/04-woodsWithMe/IMG_7199.webp";"image";"";768;1024;"";"";"";"2012-07-06T19:30:30.000Z";"04-woodsWithMe";1;""
40;"https://hollyngrade.com/dogs/04-woodsWithMe/IMG_7316.webp";"image";"";1920;1434;"";"";"";"2012-07-14T10:38:16.000Z";"04-woodsWithMe";1;""
41;"https://hollyngrade.com/dogs/04-woodsWithMe/IMG_7321.webp";"image";"";1920;1434;"";"";"";"2012-07-14T11:29:31.000Z";"04-woodsWithMe";1;""
42;"https://hollyngrade.com/dogs/04-woodsWithMe/IMG_7326_lightened.webp";"image";"";960;1280;"";"";"";"2012-07-14T11:24:30.000Z";"04-woodsWithMe";1;""
43;"https://hollyngrade.com/dogs/04-woodsWithMe/IMG_7327.webp";"image";"";1434;1920;"";"";"";"2012-07-14T16:03:20.000Z";"04-woodsWithMe";1;""
44;"https://hollyngrade.com/dogs/04-woodsWithMe/IMG_8592.webp";"image";"";1920;1440;"";"";"";"2012-11-16T09:58:47.000Z";"04-woodsWithMe";1;""
45;"https://hollyngrade.com/dogs/04-woodsWithMe/IMG_8593.webp";"image";"";1920;1440;"";"";"";"2012-11-16T09:58:53.000Z";"04-woodsWithMe";1;""
46;"https://hollyngrade.com/dogs/04-woodsWithMe/IMG_8624.webp";"image";"";1920;1440;"";"";"";"2012-11-19T08:21:56.000Z";"04-woodsWithMe";1;""
47;"https://hollyngrade.com/dogs/04-woodsWithMe/IMG_8661.webp";"image";"";1920;1434;"";"";"";"2012-11-24T22:33:29.000Z";"04-woodsWithMe";1;""
48;"https://hollyngrade.com/dogs/04-woodsWithMe/IMG_8677.webp";"image";"";1920;1434;"";"";"";"2012-11-30T12:54:11.000Z";"04-woodsWithMe";1;""
49;"https://hollyngrade.com/dogs/04-woodsWithMe/IMG_8710.webp";"image";"";1920;1434;"";"";"";"2012-12-02T20:56:33.000Z";"04-woodsWithMe";1;""
50;"https://hollyngrade.com/dogs/04-woodsWithMe/IMG_8720.webp";"image";"";1200;1600;"";"";"";"2012-12-03T08:24:03.000Z";"04-woodsWithMe";1;""
51;"https://hollyngrade.com/dogs/04-woodsWithMe/IMG_8723.webp";"image";"";1440;1920;"";"";"";"2012-12-03T21:47:51.000Z";"04-woodsWithMe";1;""
52;"https://hollyngrade.com/dogs/04-woodsWithMe/IMG_8749.webp";"image";"";1440;1920;"";"";"";"2012-12-04T21:48:27.000Z";"04-woodsWithMe";1;""
53;"https://hollyngrade.com/dogs/04-woodsWithMe/IMG_9043.webp";"image";"";1920;1434;"";"";"";"2012-12-26T00:52:47.000Z";"04-woodsWithMe";1;""
54;"https://hollyngrade.com/dogs/04-woodsWithMe/IMG_9078.webp";"image";"";1920;1434;"";"";"";"2012-12-31T00:43:11.000Z";"04-woodsWithMe";1;""
55;"https://hollyngrade.com/dogs/04-woodsWithMe/iphone 193.webp";"image";"";1440;1920;"";"";"";"2012-04-21T18:37:26.000Z";"04-woodsWithMe";1;""
56;"https://hollyngrade.com/dogs/04-woodsWithMe/iphone 256.webp";"image";"";1920;1439;"";"";"";"2012-05-09T20:01:43.000Z";"04-woodsWithMe";1;""
57;"https://hollyngrade.com/dogs/04-woodsWithMe/iphone 263.webp";"image";"";1920;1439;"";"";"";"2012-05-09T20:04:12.000Z";"04-woodsWithMe";1;""
58;"https://hollyngrade.com/dogs/04-woodsWithMe/iphone 269.webp";"image";"";1920;1440;"";"";"";"2012-05-09T20:07:38.000Z";"04-woodsWithMe";1;""
59;"https://hollyngrade.com/dogs/04-woodsWithMe/iphone 400.webp";"image";"";1440;1920;"";"";"";"2012-07-03T19:02:30.000Z";"04-woodsWithMe";1;""
60;"https://hollyngrade.com/dogs/04-woodsWithMe/iphone 520.webp";"image";"";1440;1920;"";"";"";"2012-07-20T21:09:12.000Z";"04-woodsWithMe";1;""
61;"https://hollyngrade.com/dogs/04-woodsWithMe/iphone 539.webp";"image";"";1440;1920;"";"";"";"2012-07-22T21:04:38.000Z";"04-woodsWithMe";1;""
62;"https://hollyngrade.com/dogs/04-woodsWithMe/iphone 540.webp";"image";"";1440;1920;"";"";"";"2012-07-22T21:04:54.000Z";"04-woodsWithMe";1;""
63;"https://hollyngrade.com/dogs/04-woodsWithMe/iphone 543.webp";"image";"";1440;1920;"";"";"";"2012-07-23T09:07:06.000Z";"04-woodsWithMe";1;""
64;"https://hollyngrade.com/dogs/04-woodsWithMe/iphone 544.webp";"image";"";1440;1920;"";"";"";"2012-07-23T09:10:15.000Z";"04-woodsWithMe";1;""
65;"https://hollyngrade.com/dogs/04-woodsWithMe/iphone 550.webp";"image";"";1440;1920;"";"";"";"2012-07-27T17:57:02.000Z";"04-woodsWithMe";1;""
66;"https://hollyngrade.com/dogs/04-woodsWithMe/Koda 1.webp";"image";"";1440;1920;"";"";"";"2012-07-03T19:02:41.000Z";"04-woodsWithMe";1;""
67;"https://hollyngrade.com/dogs/04-woodsWithMe/Koda 2.webp";"image";"";1440;1920;"";"";"";"2013-07-08T12:27:17.000Z";"04-woodsWithMe";1;""
68;"https://hollyngrade.com/dogs/04-woodsWithMe/Koda 3.webp";"image";"";1440;1920;"";"";"";"2013-07-08T12:27:24.000Z";"04-woodsWithMe";1;""
69;"https://hollyngrade.com/dogs/04-woodsWithMe/P6270111.webp";"image";"";1920;1440;"";"";"";"2012-06-27T17:15:32.000Z";"04-woodsWithMe";1;""
70;"https://hollyngrade.com/dogs/04-woodsWithMe/P6270112.webp";"image";"";1920;1440;"";"";"";"2012-06-27T17:15:36.000Z";"04-woodsWithMe";1;""
71;"https://hollyngrade.com/dogs/05-Sanger/Chasm 6.webp";"image";"";1440;1920;"";"";"";"2014-10-05T19:17:25.000Z";"05-Sanger";1;""
72;"https://hollyngrade.com/dogs/05-Sanger/germany 2.webp";"image";"";1440;1920;"";"";"";"2014-07-02T16:14:52.000Z";"05-Sanger";1;""
73;"https://hollyngrade.com/dogs/05-Sanger/IMG_0118.webp";"image";"";1080;1920;"";"";"";"2014-12-11T01:14:08.000Z";"05-Sanger";1;""
74;"https://hollyngrade.com/dogs/05-Sanger/IMG_0611.webp";"image";"";1440;1920;"";"";"";"2014-12-31T18:20:54.000Z";"05-Sanger";1;""
75;"https://hollyngrade.com/dogs/05-Sanger/IMG_0782.webp";"image";"";1600;1200;"";"";"";"2014-03-01T14:44:56.000Z";"05-Sanger";1;""
76;"https://hollyngrade.com/dogs/05-Sanger/IMG_0783.webp";"image";"";1600;1200;"";"";"";"2014-03-01T14:44:59.000Z";"05-Sanger";1;""
77;"https://hollyngrade.com/dogs/05-Sanger/IMG_0805.webp";"image";"";1600;1200;"";"";"";"2013-08-28T20:16:53.000Z";"05-Sanger";1;""
78;"https://hollyngrade.com/dogs/05-Sanger/IMG_0809.webp";"image";"";1136;640;"";"";"";"2014-03-01T01:13:43.000Z";"05-Sanger";1;""
79;"https://hollyngrade.com/dogs/05-Sanger/IMG_0977.webp";"image";"";1440;1920;"";"";"";"2014-03-14T21:39:02.000Z";"05-Sanger";1;""
80;"https://hollyngrade.com/dogs/05-Sanger/IMG_0978.webp";"image";"";1440;1920;"";"";"";"2014-03-14T21:39:06.000Z";"05-Sanger";1;""
81;"https://hollyngrade.com/dogs/05-Sanger/IMG_0979.webp";"image";"";1440;1920;"";"";"";"2014-03-14T21:39:10.000Z";"05-Sanger";1;""
82;"https://hollyngrade.com/dogs/05-Sanger/IMG_0983.webp";"image";"";1600;1200;"";"";"";"2013-09-07T01:10:27.000Z";"05-Sanger";1;""
83;"https://hollyngrade.com/dogs/05-Sanger/IMG_0998.webp";"image";"";1200;1600;"";"";"";"2013-09-07T01:10:37.000Z";"05-Sanger";1;""
84;"https://hollyngrade.com/dogs/05-Sanger/IMG_0999.webp";"image";"";1200;1600;"";"";"";"2013-09-07T01:10:44.000Z";"05-Sanger";1;""
85;"https://hollyngrade.com/dogs/05-Sanger/IMG_1058.webp";"image";"";1600;1200;"";"";"";"2013-09-11T09:13:38.000Z";"05-Sanger";1;""
86;"https://hollyngrade.com/dogs/05-Sanger/IMG_1382.webp";"image";"";1600;1200;"";"";"";"2013-09-20T01:12:02.000Z";"05-Sanger";1;""
87;"https://hollyngrade.com/dogs/05-Sanger/IMG_1383.webp";"image";"";1200;1600;"";"";"";"2013-09-20T01:12:16.000Z";"05-Sanger";1;""
88;"https://hollyngrade.com/dogs/05-Sanger/IMG_1384.webp";"image";"";1600;1200;"";"";"";"2013-09-20T01:12:24.000Z";"05-Sanger";1;""
89;"https://hollyngrade.com/dogs/05-Sanger/IMG_1681.webp";"image";"";1440;1920;"";"";"";"2013-10-04T01:11:20.000Z";"05-Sanger";1;""
90;"https://hollyngrade.com/dogs/05-Sanger/IMG_2140.webp";"image";"";1920;1440;"";"";"";"2014-05-14T18:56:29.000Z";"05-Sanger";1;""
91;"https://hollyngrade.com/dogs/05-Sanger/IMG_2489.webp";"image";"";1920;1440;"";"";"";"2014-06-03T15:28:22.000Z";"05-Sanger";1;""
92;"https://hollyngrade.com/dogs/05-Sanger/IMG_2492.webp";"image";"";1920;1440;"";"";"";"2014-06-03T15:28:33.000Z";"05-Sanger";1;""
93;"https://hollyngrade.com/dogs/05-Sanger/IMG_2624.webp";"image";"";1440;1920;"";"";"";"2014-06-10T13:22:36.000Z";"05-Sanger";1;""
94;"https://hollyngrade.com/dogs/05-Sanger/IMG_2627.webp";"image";"";1440;1920;"";"";"";"2014-06-10T13:22:47.000Z";"05-Sanger";1;""
95;"https://hollyngrade.com/dogs/05-Sanger/IMG_2657.webp";"image";"";1440;1920;"";"";"";"2014-06-11T20:42:12.000Z";"05-Sanger";1;""
96;"https://hollyngrade.com/dogs/05-Sanger/IMG_2658.webp";"image";"";1440;1920;"";"";"";"2014-06-11T20:42:13.000Z";"05-Sanger";1;""
97;"https://hollyngrade.com/dogs/05-Sanger/IMG_2811.webp";"image";"";1280;960;"";"";"";"2014-06-17T17:25:27.000Z";"05-Sanger";1;""
98;"https://hollyngrade.com/dogs/05-Sanger/IMG_2812.webp";"image";"";960;1280;"";"";"";"2014-06-17T17:25:43.000Z";"05-Sanger";1;""
99;"https://hollyngrade.com/dogs/05-Sanger/IMG_2817.webp";"image";"";1280;960;"";"";"";"2014-06-17T17:26:13.000Z";"05-Sanger";1;""
100;"https://hollyngrade.com/dogs/05-Sanger/IMG_2818.webp";"image";"";1280;960;"";"";"";"2014-06-17T17:26:40.000Z";"05-Sanger";1;""
101;"https://hollyngrade.com/dogs/05-Sanger/IMG_2820.webp";"image";"";1280;960;"";"";"";"2014-06-17T17:26:47.000Z";"05-Sanger";1;""
102;"https://hollyngrade.com/dogs/05-Sanger/IMG_3435.webp";"image";"";1440;1920;"";"";"";"2014-07-24T14:20:03.000Z";"05-Sanger";1;""
103;"https://hollyngrade.com/dogs/05-Sanger/IMG_3436.webp";"image";"";1440;1920;"";"";"";"2014-07-24T14:20:06.000Z";"05-Sanger";1;""
104;"https://hollyngrade.com/dogs/05-Sanger/IMG_4161.webp";"image";"";1920;1440;"";"";"";"2014-09-09T17:32:01.000Z";"05-Sanger";1;""
105;"https://hollyngrade.com/dogs/05-Sanger/IMG_4163.webp";"image";"";1920;1440;"";"";"";"2014-09-09T17:32:08.000Z";"05-Sanger";1;""
106;"https://hollyngrade.com/dogs/05-Sanger/IMG_4234.webp";"image";"";1280;960;"";"";"";"2014-09-14T16:10:21.000Z";"05-Sanger";1;""
107;"https://hollyngrade.com/dogs/05-Sanger/IMG_4235.webp";"image";"";1280;960;"";"";"";"2014-09-14T16:10:24.000Z";"05-Sanger";1;""
108;"https://hollyngrade.com/dogs/05-Sanger/IMG_4475.webp";"image";"";1920;1440;"";"";"";"2014-10-01T19:23:38.000Z";"05-Sanger";1;""
109;"https://hollyngrade.com/dogs/05-Sanger/IMG_4516.webp";"image";"";1920;1440;"";"";"";"2014-10-03T18:03:13.000Z";"05-Sanger";1;""
110;"https://hollyngrade.com/dogs/05-Sanger/IMG_4869.webp";"image";"";1920;1080;"";"";"";"2014-10-16T18:11:42.000Z";"05-Sanger";1;""
111;"https://hollyngrade.com/dogs/05-Sanger/IMG_4967.webp";"image";"";1440;1920;"";"";"";"2014-10-21T15:51:06.000Z";"05-Sanger";1;""
112;"https://hollyngrade.com/dogs/05-Sanger/IMG_4989.webp";"image";"";1440;1920;"";"";"";"2014-10-23T13:47:29.000Z";"05-Sanger";1;""
113;"https://hollyngrade.com/dogs/05-Sanger/IMG_4990.webp";"image";"";1920;1440;"";"";"";"2014-10-23T13:49:30.000Z";"05-Sanger";1;""
114;"https://hollyngrade.com/dogs/05-Sanger/IMG_4991.webp";"image";"";1920;1440;"";"";"";"2014-10-23T13:49:33.000Z";"05-Sanger";1;""
115;"https://hollyngrade.com/dogs/05-Sanger/IMG_4996.webp";"image";"";1440;1920;"";"";"";"2014-10-23T13:51:51.000Z";"05-Sanger";1;""
116;"https://hollyngrade.com/dogs/05-Sanger/IMG_4997.webp";"image";"";1440;1920;"";"";"";"2014-10-23T13:51:54.000Z";"05-Sanger";1;""
117;"https://hollyngrade.com/dogs/05-Sanger/IMG_4999.webp";"image";"";1920;1080;"";"";"";"2014-10-23T13:52:05.000Z";"05-Sanger";1;""
118;"https://hollyngrade.com/dogs/05-Sanger/IMG_5027.webp";"image";"";1440;1920;"";"";"";"2014-10-23T21:37:00.000Z";"05-Sanger";1;""
119;"https://hollyngrade.com/dogs/05-Sanger/IMG_5328.webp";"image";"";1920;1440;"";"";"";"2014-11-09T07:40:33.000Z";"05-Sanger";1;""
120;"https://hollyngrade.com/dogs/05-Sanger/IMG_5331.webp";"image";"";1920;1080;"";"";"";"2014-11-09T07:40:56.000Z";"05-Sanger";1;""
121;"https://hollyngrade.com/dogs/05-Sanger/IMG_5334.webp";"image";"";1920;1080;"";"";"";"2014-11-09T07:41:50.000Z";"05-Sanger";1;""
122;"https://hollyngrade.com/dogs/05-Sanger/KC 2.webp";"image";"";1920;1440;"";"";"";"2013-08-10T04:40:46.000Z";"05-Sanger";1;""
123;"https://hollyngrade.com/dogs/05-Sanger/KC 3.webp";"image";"";1920;1440;"";"";"";"2014-03-29T22:33:16.000Z";"05-Sanger";1;""
124;"https://hollyngrade.com/dogs/05-Sanger/KC 4.webp";"image";"";1440;1920;"";"";"";"2015-02-27T10:22:37.000Z";"05-Sanger";1;""
125;"https://hollyngrade.com/dogs/05-Sanger/KC teens.webp";"image";"";1920;1440;"";"";"";"2016-11-26T11:05:37.000Z";"05-Sanger";1;""
126;"https://hollyngrade.com/dogs/05-Sanger/Koda 5.webp";"image";"";1440;1920;"";"";"";"2014-10-05T18:58:53.000Z";"05-Sanger";1;""
127;"https://hollyngrade.com/dogs/06-atxSort/Chasm_mugshot.webp";"image";"";1536;1920;"";"";"";"2020-01-24T13:57:55.000Z";"06-atxSort";1;""
128;"https://hollyngrade.com/dogs/2019/Koda_pillows.webp";"image";"";1440;1920;"";"";"";"2019-05-13T12:05:41.000Z";"2019";1;""
129;"https://hollyngrade.com/dogs/2019/Photo Aug 01, 18 08 29.webp";"image";"";1920;1440;"";"";"";"2019-08-01T18:08:30.000Z";"2019";1;""
130;"https://hollyngrade.com/dogs/2019/Photo Aug 01, 20 51 46.webp";"image";"";1920;1440;"";"";"";"2019-08-01T20:51:46.000Z";"2019";1;""
131;"https://hollyngrade.com/dogs/2019/Photo Aug 01, 22 54 34.webp";"image";"";1920;1440;"";"";"";"2019-08-01T22:54:35.000Z";"2019";1;""
132;"https://hollyngrade.com/dogs/2019/Photo Aug 02, 16 33 26.webp";"image";"";1920;1440;"";"";"";"2019-08-02T16:33:27.000Z";"2019";1;""
133;"https://hollyngrade.com/dogs/2019/Photo Aug 06, 22 29 55.webp";"image";"";1920;1440;"";"";"";"2019-08-06T22:29:56.000Z";"2019";1;""
134;"https://hollyngrade.com/dogs/2019/Photo Aug 06, 22 30 03.webp";"image";"";1920;1440;"";"";"";"2019-08-06T22:30:04.000Z";"2019";1;""
135;"https://hollyngrade.com/dogs/2019/Photo Aug 08, 02 47 09.webp";"image";"";1920;1440;"";"";"";"2019-08-08T02:47:09.000Z";"2019";1;""
136;"https://hollyngrade.com/dogs/2019/Photo Aug 08, 02 47 13.webp";"image";"";1920;1440;"";"";"";"2019-08-08T02:47:13.000Z";"2019";1;""
137;"https://hollyngrade.com/dogs/2019/Photo Aug 09, 06 28 33.webp";"image";"";1920;1440;"";"";"";"2019-08-09T06:28:35.000Z";"2019";1;""
138;"https://hollyngrade.com/dogs/2019/Photo Aug 12, 19 09 42.webp";"image";"";1920;1440;"";"";"";"2019-08-12T19:09:43.000Z";"2019";1;""
139;"https://hollyngrade.com/dogs/2019/Photo Aug 12, 19 09 43.webp";"image";"";1920;1440;"";"";"";"2019-08-12T19:09:44.000Z";"2019";1;""
140;"https://hollyngrade.com/dogs/2019/Photo Aug 12, 19 09 44.webp";"image";"";1920;1440;"";"";"";"2019-08-12T19:09:45.000Z";"2019";1;""
141;"https://hollyngrade.com/dogs/2019/Photo Aug 12, 19 14 57.webp";"image";"";1920;1440;"";"";"";"2019-08-12T19:14:57.000Z";"2019";1;""
142;"https://hollyngrade.com/dogs/2019/Photo Aug 28, 02 49 39.webp";"image";"";1920;1440;"";"";"";"2019-08-28T02:49:39.000Z";"2019";1;""
143;"https://hollyngrade.com/dogs/2019/Photo Aug 29, 01 03 23.webp";"image";"";1920;1442;"";"";"";"2019-08-29T01:03:24.000Z";"2019";1;""
144;"https://hollyngrade.com/dogs/2019/Photo Dec 01, 13 45 53.webp";"image";"";1920;1440;"";"";"";"2019-12-01T13:45:54.000Z";"2019";1;""
145;"https://hollyngrade.com/dogs/2019/Photo Dec 04, 23 09 48.webp";"image";"";1920;1440;"";"";"";"2019-12-04T23:09:49.000Z";"2019";1;""
146;"https://hollyngrade.com/dogs/2019/Photo Dec 04, 23 09 51 (1).webp";"image";"";1920;1440;"";"";"";"2019-12-04T23:09:52.000Z";"2019";1;""
147;"https://hollyngrade.com/dogs/2019/Photo Dec 13, 13 11 58.webp";"image";"";1920;1442;"";"";"";"2019-12-13T13:11:59.000Z";"2019";1;""
148;"https://hollyngrade.com/dogs/2019/Photo Dec 13, 14 30 06.webp";"image";"";1440;1920;"";"";"";"2019-12-13T14:30:07.000Z";"2019";1;""
149;"https://hollyngrade.com/dogs/2019/Photo Dec 13, 16 08 49.webp";"image";"";1920;1440;"";"";"";"2019-12-13T16:08:50.000Z";"2019";1;""
150;"https://hollyngrade.com/dogs/2019/Photo Dec 13, 16 18 56.webp";"image";"";1920;1440;"";"";"";"2019-12-13T16:18:56.000Z";"2019";1;""
151;"https://hollyngrade.com/dogs/2019/Photo Jul 19, 10 20 58.webp";"image";"";1920;1442;"";"";"";"2019-07-19T10:20:59.000Z";"2019";1;""
152;"https://hollyngrade.com/dogs/2019/Photo Jul 19, 10 29 31.webp";"image";"";1920;1442;"";"";"";"2019-07-19T10:29:32.000Z";"2019";1;""
153;"https://hollyngrade.com/dogs/2019/Photo Jul 24, 21 17 54.webp";"image";"";1920;1440;"";"";"";"2019-07-24T21:17:55.000Z";"2019";1;""
154;"https://hollyngrade.com/dogs/2019/Photo Jul 24, 21 18 09.webp";"image";"";1920;1440;"";"";"";"2019-07-24T21:18:10.000Z";"2019";1;""
155;"https://hollyngrade.com/dogs/2019/Photo Jul 24, 21 18 19 (1).webp";"image";"";1920;1440;"";"";"";"2019-07-24T21:18:20.000Z";"2019";1;""
156;"https://hollyngrade.com/dogs/2019/Photo Jun 02, 12 15 02.webp";"image";"";1920;1442;"";"";"";"2019-06-02T12:15:03.000Z";"2019";1;""
157;"https://hollyngrade.com/dogs/2019/Photo Jun 02, 12 15 11 (1).webp";"image";"";1920;1442;"";"";"";"2019-06-02T12:15:12.000Z";"2019";1;""
158;"https://hollyngrade.com/dogs/2019/Photo Jun 02, 12 15 11.webp";"image";"";1920;1442;"";"";"";"2019-06-02T12:15:11.000Z";"2019";1;""
159;"https://hollyngrade.com/dogs/2019/Photo Jun 02, 12 15 35.webp";"image";"";1920;1440;"";"";"";"2019-06-02T12:15:36.000Z";"2019";1;""
160;"https://hollyngrade.com/dogs/2019/Photo Jun 02, 12 15 36.webp";"image";"";1920;1440;"";"";"";"2019-06-02T12:15:37.000Z";"2019";1;""
161;"https://hollyngrade.com/dogs/2019/Photo Jun 02, 12 15 59.webp";"image";"";1920;1440;"";"";"";"2019-06-02T12:15:59.000Z";"2019";1;""
162;"https://hollyngrade.com/dogs/2019/Photo Jun 17, 18 55 07.webp";"image";"";1920;1440;"";"";"";"2019-06-17T18:55:07.000Z";"2019";1;""
163;"https://hollyngrade.com/dogs/2019/Photo Jun 17, 18 56 53.webp";"image";"";1920;1440;"";"";"";"2019-06-17T18:56:54.000Z";"2019";1;""
164;"https://hollyngrade.com/dogs/2019/Photo Jun 17, 18 56 54.webp";"image";"";1920;1440;"";"";"";"2019-06-17T18:56:55.000Z";"2019";1;""
165;"https://hollyngrade.com/dogs/2019/Photo Nov 03, 14 19 17 (1).webp";"image";"";1920;1440;"";"";"";"2019-11-03T14:19:18.000Z";"2019";1;""
166;"https://hollyngrade.com/dogs/2019/Photo Nov 04, 00 57 29.webp";"image";"";1920;1440;"";"";"";"2019-11-04T00:57:30.000Z";"2019";1;""
167;"https://hollyngrade.com/dogs/2019/Photo Nov 06, 09 39 12.webp";"image";"";1920;1440;"";"";"";"2019-11-06T09:39:13.000Z";"2019";1;""
168;"https://hollyngrade.com/dogs/2019/Photo Nov 06, 10 30 25.webp";"image";"";1920;1440;"";"";"";"2019-11-06T10:30:25.000Z";"2019";1;""
169;"https://hollyngrade.com/dogs/2019/Photo Nov 09, 15 37 53.webp";"image";"";1920;1440;"";"";"";"2019-11-09T15:37:53.000Z";"2019";1;""
170;"https://hollyngrade.com/dogs/2019/Photo Nov 12, 01 29 24.webp";"image";"";1920;1440;"";"";"";"2019-11-12T01:29:25.000Z";"2019";1;""
171;"https://hollyngrade.com/dogs/2019/Photo Nov 13, 12 37 45.webp";"image";"";1920;1440;"";"";"";"2019-11-13T12:37:46.000Z";"2019";1;""
172;"https://hollyngrade.com/dogs/2019/Photo Nov 16, 17 37 05.webp";"image";"";1920;1440;"";"";"";"2019-11-16T17:37:06.000Z";"2019";1;""
173;"https://hollyngrade.com/dogs/2019/Photo Nov 20, 11 23 54.webp";"image";"";1440;1920;"";"";"";"2019-11-20T11:23:55.000Z";"2019";1;""
174;"https://hollyngrade.com/dogs/2019/Photo Nov 20, 11 39 36.webp";"image";"";1920;1440;"";"";"";"2019-11-20T11:39:36.000Z";"2019";1;""
175;"https://hollyngrade.com/dogs/2019/Photo Nov 24, 18 19 00 (1).webp";"image";"";1920;1440;"";"";"";"2019-11-24T18:19:01.000Z";"2019";1;""
176;"https://hollyngrade.com/dogs/2019/Photo Nov 24, 18 28 06.webp";"image";"";1920;1440;"";"";"";"2019-11-24T18:28:07.000Z";"2019";1;""
177;"https://hollyngrade.com/dogs/2019/Photo Nov 30, 16 53 59 (1).webp";"image";"";1920;1440;"";"";"";"2019-11-30T16:54:00.000Z";"2019";1;""
178;"https://hollyngrade.com/dogs/2019/Photo Nov 30, 19 03 16.webp";"image";"";1920;1440;"";"";"";"2019-11-30T19:03:16.000Z";"2019";1;""
179;"https://hollyngrade.com/dogs/2019/Photo Oct 06, 17 15 25.webp";"image";"";1920;1440;"";"";"";"2019-10-06T17:15:26.000Z";"2019";1;""
180;"https://hollyngrade.com/dogs/2019/Photo Oct 06, 17 20 34.webp";"image";"";1920;1440;"";"";"";"2019-10-06T17:20:35.000Z";"2019";1;""
181;"https://hollyngrade.com/dogs/2019/Photo Oct 06, 19 20 02.webp";"image";"";1920;1440;"";"";"";"2019-10-06T19:20:04.000Z";"2019";1;""
182;"https://hollyngrade.com/dogs/2019/Photo Oct 06, 19 20 08.webp";"image";"";1920;1440;"";"";"";"2019-10-06T19:20:09.000Z";"2019";1;""
183;"https://hollyngrade.com/dogs/2019/Photo Oct 07, 13 09 26.webp";"image";"";1920;1440;"";"";"";"2019-10-07T13:09:27.000Z";"2019";1;""
184;"https://hollyngrade.com/dogs/2019/Photo Oct 09, 12 31 18.webp";"image";"";1920;1440;"";"";"";"2019-10-09T12:31:19.000Z";"2019";1;""
185;"https://hollyngrade.com/dogs/2019/Photo Oct 09, 12 35 13.webp";"image";"";1920;1440;"";"";"";"2019-10-09T12:35:14.000Z";"2019";1;""
186;"https://hollyngrade.com/dogs/2019/Photo Oct 09, 13 05 17.webp";"image";"";1920;1440;"";"";"";"2019-10-09T13:05:18.000Z";"2019";1;""
187;"https://hollyngrade.com/dogs/2019/Photo Oct 11, 19 37 47.webp";"image";"";1920;1440;"";"";"";"2019-10-11T19:37:48.000Z";"2019";1;""
188;"https://hollyngrade.com/dogs/2019/Photo Oct 11, 19 37 58.webp";"image";"";1920;1440;"";"";"";"2019-10-11T19:37:59.000Z";"2019";1;""
189;"https://hollyngrade.com/dogs/2019/Photo Oct 12, 02 49 17.webp";"image";"";1920;1440;"";"";"";"2019-10-12T02:49:18.000Z";"2019";1;""
190;"https://hollyngrade.com/dogs/2019/Photo Oct 12, 02 49 21.webp";"image";"";1920;1440;"";"";"";"2019-10-12T02:49:22.000Z";"2019";1;""
191;"https://hollyngrade.com/dogs/2019/Photo Oct 12, 21 30 05.webp";"image";"";1920;1080;"";"";"";"2019-10-12T21:30:05.000Z";"2019";1;""
192;"https://hollyngrade.com/dogs/2019/Photo Oct 12, 22 04 00.webp";"image";"";1920;1440;"";"";"";"2019-10-12T22:04:01.000Z";"2019";1;""
193;"https://hollyngrade.com/dogs/2019/Photo Oct 15, 02 11 27.webp";"image";"";1920;1442;"";"";"";"2019-10-15T02:11:28.000Z";"2019";1;""
194;"https://hollyngrade.com/dogs/2019/Photo Oct 15, 02 29 38.webp";"image";"";1920;1440;"";"";"";"2019-10-15T02:29:39.000Z";"2019";1;""
195;"https://hollyngrade.com/dogs/2019/Photo Oct 15, 02 29 57.webp";"image";"";1920;1440;"";"";"";"2019-10-15T02:29:58.000Z";"2019";1;""
196;"https://hollyngrade.com/dogs/2019/Photo Oct 27, 16 25 04.webp";"image";"";1920;1440;"";"";"";"2019-10-27T16:25:04.000Z";"2019";1;""
197;"https://hollyngrade.com/dogs/2019/Photo Oct 27, 22 08 40.webp";"image";"";1920;1440;"";"";"";"2019-10-27T22:08:40.000Z";"2019";1;""
198;"https://hollyngrade.com/dogs/2019/Photo Oct 27, 22 08 48.webp";"image";"";1920;1440;"";"";"";"2019-10-27T22:08:48.000Z";"2019";1;""
199;"https://hollyngrade.com/dogs/2019/Photo Oct 30, 23 07 56.webp";"image";"";750;747;"";"";"";"2019-10-30T23:07:56.000Z";"2019";1;""
200;"https://hollyngrade.com/dogs/2019/Photo Sep 05, 16 19 26.webp";"image";"";1920;1442;"";"";"";"2019-09-05T16:19:26.000Z";"2019";1;""
201;"https://hollyngrade.com/dogs/2019/Photo Sep 05, 16 19 32.webp";"image";"";1920;1442;"";"";"";"2019-09-05T16:19:33.000Z";"2019";1;""
202;"https://hollyngrade.com/dogs/2019/Photo Sep 05, 17 45 37.webp";"image";"";1920;1440;"";"";"";"2019-09-05T17:45:37.000Z";"2019";1;""
203;"https://hollyngrade.com/dogs/2019/Photo Sep 05, 17 45 39.webp";"image";"";1920;1440;"";"";"";"2019-09-05T17:45:40.000Z";"2019";1;""
204;"https://hollyngrade.com/dogs/2019/Photo Sep 05, 18 35 58.webp";"image";"";1920;1442;"";"";"";"2019-09-05T18:35:58.000Z";"2019";1;""
205;"https://hollyngrade.com/dogs/2019/Photo Sep 05, 18 41 41.webp";"image";"";1920;1440;"";"";"";"2019-09-05T18:41:41.000Z";"2019";1;""
206;"https://hollyngrade.com/dogs/2019/Photo Sep 10, 23 09 18.webp";"image";"";1920;1440;"";"";"";"2019-09-10T23:09:19.000Z";"2019";1;""
207;"https://hollyngrade.com/dogs/2019/Photo Sep 10, 23 09 22.webp";"image";"";1920;1440;"";"";"";"2019-09-10T23:09:23.000Z";"2019";1;""
208;"https://hollyngrade.com/dogs/2019/Photo Sep 23, 16 32 06.webp";"image";"";1920;1440;"";"";"";"2019-09-23T16:32:07.000Z";"2019";1;""
209;"https://hollyngrade.com/dogs/2019/Photo Sep 23, 22 43 41.webp";"image";"";1440;1920;"";"";"";"2019-09-23T22:43:42.000Z";"2019";1;""
210;"https://hollyngrade.com/dogs/2019/Photo Sep 26, 00 44 28.webp";"image";"";1920;1440;"";"";"";"2019-09-26T00:44:29.000Z";"2019";1;""
211;"https://hollyngrade.com/dogs/2019/Photo Sep 28, 14 18 17 (1).webp";"image";"";1920;1440;"";"";"";"2019-09-28T14:18:18.000Z";"2019";1;""
212;"https://hollyngrade.com/dogs/2019/Photo Sep 28, 14 18 17.webp";"image";"";1920;1440;"";"";"";"2019-09-28T14:18:17.000Z";"2019";1;""
213;"https://hollyngrade.com/dogs/2019/Photo Sep 28, 14 18 21.webp";"image";"";1920;1440;"";"";"";"2019-09-28T14:18:22.000Z";"2019";1;""
214;"https://hollyngrade.com/dogs/2020/20200906_234147.webp";"image";"";1920;1440;"";"";"";"2020-09-06T23:41:35.000Z";"2020";1;""
215;"https://hollyngrade.com/dogs/2020/20200910_110505.webp";"image";"";1080;1920;"";"";"";"2020-09-10T11:05:05.000Z";"2020";1;""
216;"https://hollyngrade.com/dogs/2020/20200910_110507.webp";"image";"";1080;1920;"";"";"";"2020-09-10T11:05:07.000Z";"2020";1;""
217;"https://hollyngrade.com/dogs/2020/20200911_003522.webp";"image";"";1920;1080;"";"";"";"2020-09-11T00:35:22.000Z";"2020";1;""
218;"https://hollyngrade.com/dogs/2020/20200911_004832.webp";"image";"";1920;1080;"";"";"";"2020-09-11T00:48:32.000Z";"2020";1;""
219;"https://hollyngrade.com/dogs/2020/20200922_212636.webp";"image";"";1920;1080;"";"";"";"2020-09-22T21:26:36.000Z";"2020";1;""
220;"https://hollyngrade.com/dogs/2020/20200922_212638.webp";"image";"";1920;1080;"";"";"";"2020-09-22T21:26:38.000Z";"2020";1;""
221;"https://hollyngrade.com/dogs/2020/20200922_212652.webp";"image";"";1920;1080;"";"";"";"2020-09-22T21:26:52.000Z";"2020";1;""
222;"https://hollyngrade.com/dogs/2020/20200922_212704.webp";"image";"";1920;1080;"";"";"";"2020-09-22T21:27:04.000Z";"2020";1;""
223;"https://hollyngrade.com/dogs/2020/20201009_155709.webp";"image";"";1920;1080;"";"";"";"2020-10-09T15:57:09.000Z";"2020";1;""
224;"https://hollyngrade.com/dogs/2020/20201009_155718.webp";"image";"";1920;1080;"";"";"";"2020-10-09T15:57:18.000Z";"2020";1;""
225;"https://hollyngrade.com/dogs/2020/20201009_234239.webp";"image";"";1920;1080;"";"";"";"2020-10-09T23:42:39.000Z";"2020";1;""
226;"https://hollyngrade.com/dogs/2020/20201025_020659.webp";"image";"";1920;1080;"";"";"";"2020-10-25T02:06:59.000Z";"2020";1;""
227;"https://hollyngrade.com/dogs/2020/20201027_191450.webp";"image";"";1080;1920;"";"";"";"2020-10-27T19:14:50.000Z";"2020";1;""
228;"https://hollyngrade.com/dogs/2020/20201027_191455.webp";"image";"";1080;1920;"";"";"";"2020-10-27T19:14:55.000Z";"2020";1;""
229;"https://hollyngrade.com/dogs/2020/20201027_191459.webp";"image";"";1080;1920;"";"";"";"2020-10-27T19:14:59.000Z";"2020";1;""
230;"https://hollyngrade.com/dogs/2020/20201123_132219.webp";"image";"";1079;1920;"";"";"";"2020-11-23T13:22:19.000Z";"2020";1;""
231;"https://hollyngrade.com/dogs/2021/20210102_213019.webp";"image";"";1920;1080;"";"";"";"2021-01-02T21:30:19.000Z";"2021";1;""
232;"https://hollyngrade.com/dogs/2021/20210102_213344.webp";"image";"";1920;1080;"";"";"";"2021-01-02T21:33:44.000Z";"2021";1;""
233;"https://hollyngrade.com/dogs/2021/20210102_213349.webp";"image";"";1920;1080;"";"";"";"2021-01-02T21:33:49.000Z";"2021";1;""
234;"https://hollyngrade.com/dogs/2021/20210102_213351.webp";"image";"";1920;1080;"";"";"";"2021-01-02T21:33:51.000Z";"2021";1;""
235;"https://hollyngrade.com/dogs/2021/20210102_213355.webp";"image";"";1920;1080;"";"";"";"2021-01-02T21:33:55.000Z";"2021";1;""
236;"https://hollyngrade.com/dogs/2021/20210102_213401.webp";"image";"";1920;1080;"";"";"";"2021-01-02T21:34:01.000Z";"2021";1;""
237;"https://hollyngrade.com/dogs/2021/20210102_213518.webp";"image";"";1920;1080;"";"";"";"2021-01-02T21:35:18.000Z";"2021";1;""
238;"https://hollyngrade.com/dogs/2021/20210102_213528.webp";"image";"";1920;1080;"";"";"";"2021-01-02T21:35:28.000Z";"2021";1;""
239;"https://hollyngrade.com/dogs/2021/20210102_213701.webp";"image";"";1920;1080;"";"";"";"2021-01-02T21:37:01.000Z";"2021";1;""
240;"https://hollyngrade.com/dogs/2022/20220618_175211.webp";"image";"";1920;1080;"";"";"";"2022-06-18T17:52:11.000Z";"2022";1;""
241;"https://hollyngrade.com/dogs/2022/20220619_140603.webp";"image";"";1080;1920;"";"";"";"2022-06-19T14:06:03.000Z";"2022";1;""
242;"https://hollyngrade.com/dogs/2022/20220620_020300.webp";"image";"";1920;1080;"";"";"";"2022-06-20T02:02:59.000Z";"2022";1;""
243;"https://hollyngrade.com/dogs/2022/20220706_172908.webp";"image";"";1920;1080;"";"";"";"2022-07-06T17:29:08.000Z";"2022";1;""
244;"https://hollyngrade.com/dogs/2022/20220717_111546.webp";"image";"";1920;1080;"";"";"";"2022-07-17T11:15:46.000Z";"2022";1;""
245;"https://hollyngrade.com/dogs/2022/20220718_163300.webp";"image";"";1920;1080;"";"";"";"2022-07-18T16:33:00.000Z";"2022";1;""
246;"https://hollyngrade.com/dogs/2022/20220718_163311.webp";"image";"";1920;1080;"";"";"";"2022-07-18T01:16:38.000Z";"2022";1;""
247;"https://hollyngrade.com/dogs/2022/20220726_211505.webp";"image";"";1920;1080;"";"";"";"2022-07-26T21:15:05.000Z";"2022";1;""
248;"https://hollyngrade.com/dogs/2022/20220726_211512.webp";"image";"";1920;1080;"";"";"";"2022-07-26T21:15:12.000Z";"2022";1;""
249;"https://hollyngrade.com/dogs/2022/20220727_103204.webp";"image";"";1920;1080;"";"";"";"2022-07-27T10:32:04.000Z";"2022";1;""
250;"https://hollyngrade.com/dogs/2022/20220729_184930.webp";"image";"";1080;1920;"";"";"";"2022-07-29T18:49:30.000Z";"2022";1;""
251;"https://hollyngrade.com/dogs/2022/20220905_224033.webp";"image";"";1080;1920;"";"";"";"2022-09-05T22:40:33.000Z";"2022";1;""
252;"https://hollyngrade.com/dogs/2022/20220905_224045.webp";"image";"";1080;1920;"";"";"";"2022-09-05T22:40:45.000Z";"2022";1;""
253;"https://hollyngrade.com/dogs/2022/20220922_153156.webp";"image";"";1920;1080;"";"";"";"2022-09-22T15:31:57.000Z";"2022";1;""
254;"https://hollyngrade.com/dogs/2022/20220924_211123.webp";"image";"";1080;1920;"";"";"";"2022-09-24T21:11:23.000Z";"2022";1;""
255;"https://hollyngrade.com/dogs/2022/20220925_220957.webp";"image";"";1920;1079;"";"";"";"2022-09-25T22:09:57.000Z";"2022";1;""
256;"https://hollyngrade.com/dogs/2022/20221001_202757.webp";"image";"";1080;1920;"";"";"";"2022-10-01T20:27:57.000Z";"2022";1;""
257;"https://hollyngrade.com/dogs/2022/20221002_114235.webp";"image";"";1920;1080;"";"";"";"2022-10-02T11:42:35.000Z";"2022";1;""
258;"https://hollyngrade.com/dogs/2022/20221004_160410.webp";"image";"";1080;1920;"";"";"";"2022-10-04T16:04:10.000Z";"2022";1;""
259;"https://hollyngrade.com/dogs/2022/20221004_202020.webp";"image";"";1920;1080;"";"";"";"2022-10-04T20:20:20.000Z";"2022";1;""
260;"https://hollyngrade.com/dogs/2022/20221006_150941.webp";"image";"";1920;1080;"";"";"";"2022-10-06T15:09:41.000Z";"2022";1;""
261;"https://hollyngrade.com/dogs/2022/20221006_150953.webp";"image";"";1920;1080;"";"";"";"2022-10-06T15:09:53.000Z";"2022";1;""
262;"https://hollyngrade.com/dogs/2022/20221006_150954.webp";"image";"";1920;1080;"";"";"";"2022-10-06T15:09:54.000Z";"2022";1;""
263;"https://hollyngrade.com/dogs/2022/20221008_152200.webp";"image";"";1920;1080;"";"";"";"2022-10-08T15:22:00.000Z";"2022";1;""
264;"https://hollyngrade.com/dogs/2022/20221020_165041.webp";"image";"";1080;1920;"";"";"";"2022-10-20T16:50:41.000Z";"2022";1;""
265;"https://hollyngrade.com/dogs/2022/20221020_165046.webp";"image";"";1080;1920;"";"";"";"2022-10-20T16:50:46.000Z";"2022";1;""
266;"https://hollyngrade.com/dogs/2022/20221022_033825.webp";"image";"";1920;1080;"";"";"";"2022-10-22T03:38:25.000Z";"2022";1;""
267;"https://hollyngrade.com/dogs/2022/20221023_120208.webp";"image";"";1080;1920;"";"";"";"2022-10-23T12:02:08.000Z";"2022";1;""
268;"https://hollyngrade.com/dogs/2022/20221031_120647.webp";"image";"";1080;1920;"";"";"";"2022-10-31T12:06:47.000Z";"2022";1;""
269;"https://hollyngrade.com/dogs/2022/20221101_034448.webp";"image";"";1920;1080;"";"";"";"2022-11-01T03:44:49.000Z";"2022";1;""
270;"https://hollyngrade.com/dogs/2022/20221103_164649.webp";"image";"";1080;1920;"";"";"";"2022-11-03T16:46:49.000Z";"2022";1;""
271;"https://hollyngrade.com/dogs/2022/20221104_051845.webp";"image";"";1080;1920;"";"";"";"2022-11-04T05:18:45.000Z";"2022";1;""
272;"https://hollyngrade.com/dogs/2022/20221104_051851.webp";"image";"";1920;1080;"";"";"";"2022-11-04T05:18:51.000Z";"2022";1;""
273;"https://hollyngrade.com/dogs/2022/20221105_023923.webp";"image";"";1920;1080;"";"";"";"2022-11-05T02:39:23.000Z";"2022";1;""
274;"https://hollyngrade.com/dogs/2022/20221105_215237.webp";"image";"";1920;1080;"";"";"";"2022-11-05T21:52:37.000Z";"2022";1;""
275;"https://hollyngrade.com/dogs/2022/20221105_215239.webp";"image";"";1920;1080;"";"";"";"2022-11-05T21:52:39.000Z";"2022";1;""
276;"https://hollyngrade.com/dogs/2022/20221105_215240.webp";"image";"";1920;1080;"";"";"";"2022-11-05T21:52:40.000Z";"2022";1;""
277;"https://hollyngrade.com/dogs/2022/20221110_100036.webp";"image";"";1920;1080;"";"";"";"2022-11-10T10:00:36.000Z";"2022";1;""
278;"https://hollyngrade.com/dogs/2022/20221110_100106.webp";"image";"";1080;1920;"";"";"";"2022-11-10T10:01:06.000Z";"2022";1;""
279;"https://hollyngrade.com/dogs/2022/Chasm_in_door.webp";"image";"";1920;1080;"";"";"";"2022-07-20T00:23:32.000Z";"2022";1;""
280;"https://hollyngrade.com/dogs/2022/VideoCapture_20221130-001513.webp";"image";"";1920;1080;"";"";"";"2022-11-30T00:14:58.000Z";"2022";1;""
281;"https://hollyngrade.com/dogs/2023/20230307_153710.webp";"image";"";1920;1080;"";"";"";"2023-03-07T15:37:10.000Z";"2023";1;""
282;"https://hollyngrade.com/dogs/2023/20230308_124440.webp";"image";"";1080;1920;"";"";"";"2023-03-08T12:44:40.000Z";"2023";1;""
283;"https://hollyngrade.com/dogs/2023/20230405_175231.webp";"image";"";1920;1080;"";"";"";"2023-04-05T17:52:31.000Z";"2023";1;""
284;"https://hollyngrade.com/dogs/2023/20230405_214406.webp";"image";"";1920;1080;"";"";"";"2023-04-05T21:44:06.000Z";"2023";1;""
285;"https://hollyngrade.com/dogs/2023/20230408_005943.webp";"image";"";1920;1080;"";"";"";"2023-04-08T00:59:44.000Z";"2023";1;""
286;"https://hollyngrade.com/dogs/2023/20230408_010012.webp";"image";"";1920;1080;"";"";"";"2023-04-08T01:00:13.000Z";"2023";1;""
287;"https://hollyngrade.com/dogs/2023/20230410_205259.webp";"image";"";1920;1080;"";"";"";"2023-04-10T20:52:59.000Z";"2023";1;""
288;"https://hollyngrade.com/dogs/2023/20230411_123952.webp";"image";"";1920;1080;"";"";"";"2023-04-11T12:39:52.000Z";"2023";1;""
289;"https://hollyngrade.com/dogs/2023/20230411_124016.webp";"image";"";1920;1080;"";"";"";"2023-04-11T12:40:16.000Z";"2023";1;""
290;"https://hollyngrade.com/dogs/2023/20230411_124020.webp";"image";"";1920;1080;"";"";"";"2023-04-11T12:40:20.000Z";"2023";1;""
291;"https://hollyngrade.com/dogs/2023/20230417_015832.webp";"image";"";1080;1920;"";"";"";"2023-04-17T01:58:32.000Z";"2023";1;""
292;"https://hollyngrade.com/dogs/2023/20230417_052346.webp";"image";"";1080;1920;"";"";"";"2023-04-17T05:23:47.000Z";"2023";1;""
293;"https://hollyngrade.com/dogs/2023/20230417_163551.webp";"image";"";1080;1920;"";"";"";"2023-04-17T16:35:51.000Z";"2023";1;""
294;"https://hollyngrade.com/dogs/2023/20230417_163553.webp";"image";"";1080;1920;"";"";"";"2023-04-17T16:35:54.000Z";"2023";1;""
295;"https://hollyngrade.com/dogs/2023/20230417_163613.webp";"image";"";1080;1920;"";"";"";"2023-04-17T16:36:13.000Z";"2023";1;""
296;"https://hollyngrade.com/dogs/2023/20230424_134108.webp";"image";"";1080;1920;"";"";"";"2023-04-24T13:41:08.000Z";"2023";1;""
297;"https://hollyngrade.com/dogs/2023/20230424_185548.webp";"image";"";1080;1920;"";"";"";"2023-04-24T18:55:48.000Z";"2023";1;""
298;"https://hollyngrade.com/dogs/2023/20230425_140911.webp";"image";"";1920;1080;"";"";"";"2023-04-25T14:09:11.000Z";"2023";1;""
299;"https://hollyngrade.com/dogs/2023/20230425_141007.webp";"image";"";1080;1920;"";"";"";"2023-04-25T14:10:08.000Z";"2023";1;""
300;"https://hollyngrade.com/dogs/2023/20230428_193808.webp";"image";"";1080;1920;"";"";"";"2023-04-28T19:38:09.000Z";"2023";1;""
301;"https://hollyngrade.com/dogs/2023/20230506_044321.webp";"image";"";1920;1440;"";"";"";"2023-05-06T01:06:52.000Z";"2023";1;""
302;"https://hollyngrade.com/dogs/2023/20230506_141945.webp";"image";"";1920;1080;"";"";"";"2023-05-06T14:19:45.000Z";"2023";1;""
303;"https://hollyngrade.com/dogs/2023/20230507_054824.webp";"image";"";1920;1080;"";"";"";"2023-05-07T05:48:24.000Z";"2023";1;""
304;"https://hollyngrade.com/dogs/2023/20230507_111831.webp";"image";"";1920;1080;"";"";"";"2023-05-07T11:18:31.000Z";"2023";1;""
305;"https://hollyngrade.com/dogs/2023/20230508_140718.webp";"image";"";1920;1080;"";"";"";"2023-05-08T14:07:18.000Z";"2023";1;""
306;"https://hollyngrade.com/dogs/2023/20230508_152027.webp";"image";"";1920;1080;"";"";"";"2023-05-08T15:20:28.000Z";"2023";1;""
307;"https://hollyngrade.com/dogs/2023/20230511_020001.webp";"image";"";1080;1920;"";"";"";"2023-05-11T02:00:02.000Z";"2023";1;""
308;"https://hollyngrade.com/dogs/2023/20230512_182707.webp";"image";"";1920;1080;"";"";"";"2023-05-12T18:27:08.000Z";"2023";1;""
309;"https://hollyngrade.com/dogs/2023/20230513_101845.webp";"image";"";1920;1080;"";"";"";"2023-05-13T10:18:45.000Z";"2023";1;""
310;"https://hollyngrade.com/dogs/2023/20230514_122902.webp";"image";"";1920;1080;"";"";"";"2023-05-14T12:29:02.000Z";"2023";1;""
311;"https://hollyngrade.com/dogs/2023/20230517_231301.webp";"image";"";1920;1080;"";"";"";"2023-05-17T23:13:02.000Z";"2023";1;""
312;"https://hollyngrade.com/dogs/2023/20230518_160346.webp";"image";"";1920;1080;"";"";"";"2023-05-18T16:03:46.000Z";"2023";1;""
313;"https://hollyngrade.com/dogs/2023/20230518_170038.webp";"image";"";1080;1920;"";"";"";"2023-05-18T17:00:38.000Z";"2023";1;""
314;"https://hollyngrade.com/dogs/2023/20230520_155730.webp";"image";"";1920;1080;"";"";"";"2023-05-20T15:57:30.000Z";"2023";1;""
315;"https://hollyngrade.com/dogs/2023/20230520_210141.webp";"image";"";1920;1080;"";"";"";"2023-05-20T21:01:43.000Z";"2023";1;""
316;"https://hollyngrade.com/dogs/2023/20230521_110606.webp";"image";"";1920;1080;"";"";"";"2023-05-21T01:06:32.000Z";"2023";1;""
317;"https://hollyngrade.com/dogs/2023/20230524_084743.webp";"image";"";1920;1080;"";"";"";"2023-05-24T08:47:43.000Z";"2023";1;""
318;"https://hollyngrade.com/dogs/2023/20230524_090100.webp";"image";"";1920;1080;"";"";"";"2023-05-24T09:01:00.000Z";"2023";1;""
319;"https://hollyngrade.com/dogs/2023/20230524_171444.webp";"image";"";1920;1080;"";"";"";"2023-05-24T17:14:44.000Z";"2023";1;""
320;"https://hollyngrade.com/dogs/2023/20230524_171452.webp";"image";"";1920;1080;"";"";"";"2023-05-24T17:14:52.000Z";"2023";1;""
321;"https://hollyngrade.com/dogs/2023/20230524_171453.webp";"image";"";1920;1080;"";"";"";"2023-05-24T17:14:53.000Z";"2023";1;""
322;"https://hollyngrade.com/dogs/2023/20230524_171458.webp";"image";"";1920;1080;"";"";"";"2023-05-24T17:14:58.000Z";"2023";1;""
323;"https://hollyngrade.com/dogs/2023/20230525_121655.webp";"image";"";1920;1080;"";"";"";"2023-05-25T12:16:55.000Z";"2023";1;""
324;"https://hollyngrade.com/dogs/2023/20230525_151045.webp";"image";"";1080;1920;"";"";"";"2023-05-25T15:10:46.000Z";"2023";1;""
325;"https://hollyngrade.com/dogs/2023/20230527_114546.webp";"image";"";1920;1080;"";"";"";"2023-05-27T11:45:46.000Z";"2023";1;""
326;"https://hollyngrade.com/dogs/2023/20230527_114635.webp";"image";"";1920;1080;"";"";"";"2023-05-27T11:46:36.000Z";"2023";1;""
327;"https://hollyngrade.com/dogs/2024/20240113_004902.webp";"image";"";1080;1920;"";"";"";"2024-01-13T23:31:08.000Z";"2024";1;""
328;"https://hollyngrade.com/dogs/2024/20240113_161051.webp";"image";"";1080;1920;"";"";"";"2024-01-13T16:10:51.000Z";"2024";1;""
329;"https://hollyngrade.com/dogs/2024/20240113_161056.webp";"image";"";1080;1920;"";"";"";"2024-01-13T16:10:56.000Z";"2024";1;""
330;"https://hollyngrade.com/dogs/2024/20240114_135700.webp";"image";"";1920;1080;"";"";"";"2024-01-14T13:57:01.000Z";"2024";1;""
331;"https://hollyngrade.com/dogs/2024/20240117_222433.webp";"image";"";1080;1920;"";"";"";"2024-01-17T22:24:34.000Z";"2024";1;""
332;"https://hollyngrade.com/dogs/2024/20240118_041432.webp";"image";"";1920;1080;"";"";"";"2024-01-18T04:14:32.000Z";"2024";1;""
333;"https://hollyngrade.com/dogs/2024/20240121_235410.webp";"image";"";1080;1920;"";"";"";"2024-01-21T23:54:11.000Z";"2024";1;""
334;"https://hollyngrade.com/dogs/2024/20240121_235412.webp";"image";"";1080;1920;"";"";"";"2024-01-21T23:54:13.000Z";"2024";1;""
335;"https://hollyngrade.com/dogs/2024/20240121_235414.webp";"image";"";1080;1920;"";"";"";"2024-01-21T23:54:15.000Z";"2024";1;""
336;"https://hollyngrade.com/dogs/2024/20240122_160818.webp";"image";"";1080;1920;"";"";"";"2024-01-22T16:08:19.000Z";"2024";1;""
337;"https://hollyngrade.com/dogs/2024/20240214_163950.webp";"image";"";1920;1080;"";"";"";"2024-02-14T16:39:51.000Z";"2024";1;""
338;"https://hollyngrade.com/dogs/2024/20240226_134844.webp";"image";"";1920;1080;"";"";"";"2024-02-26T13:48:45.000Z";"2024";1;""
339;"https://hollyngrade.com/dogs/2024/20240329_173124.webp";"image";"";1920;1079;"";"";"";"2024-03-29T17:31:24.000Z";"2024";1;""
340;"https://hollyngrade.com/dogs/2024/20240403_140432.webp";"image";"";1080;1920;"";"";"";"2024-04-03T14:04:32.000Z";"2024";1;""
341;"https://hollyngrade.com/dogs/2024/20240404_124243.webp";"image";"";1920;1080;"";"";"";"2024-04-04T12:42:43.000Z";"2024";1;""
342;"https://hollyngrade.com/dogs/2024/20240407_161300.webp";"image";"";1920;1080;"";"";"";"2024-04-07T16:13:00.000Z";"2024";1;""
343;"https://hollyngrade.com/dogs/2024/20240412_153031.webp";"image";"";1920;1080;"";"";"";"2024-04-12T15:30:31.000Z";"2024";1;""
344;"https://hollyngrade.com/dogs/2024/20240422_102815.webp";"image";"";1920;1080;"";"";"";"2024-04-22T10:28:15.000Z";"2024";1;""
345;"https://hollyngrade.com/dogs/2024/20240422_102816.webp";"image";"";1920;1080;"";"";"";"2024-04-22T10:28:17.000Z";"2024";1;""
346;"https://hollyngrade.com/dogs/2024/20240423_142837.webp";"image";"";1920;1080;"";"";"";"2024-04-23T14:28:37.000Z";"2024";1;""
347;"https://hollyngrade.com/dogs/2024/20240425_183009.webp";"image";"";1080;1920;"";"";"";"2024-04-25T18:30:10.000Z";"2024";1;""
348;"https://hollyngrade.com/dogs/2024/20240425_183014.webp";"image";"";1080;1920;"";"";"";"2024-04-25T18:30:14.000Z";"2024";1;""
349;"https://hollyngrade.com/dogs/2024/20240425_183028.webp";"image";"";1920;1080;"";"";"";"2024-04-25T18:30:28.000Z";"2024";1;""
350;"https://hollyngrade.com/dogs/2024/20240426_192749.webp";"image";"";1080;1920;"";"";"";"2024-04-26T19:27:49.000Z";"2024";1;""
351;"https://hollyngrade.com/dogs/2024/20240501_233741.webp";"image";"";1080;1920;"";"";"";"2024-05-01T23:49:01.000Z";"2024";1;""
352;"https://hollyngrade.com/dogs/2024/20241210_154105.webp";"image";"";1920;864;"";"";"";"2024-12-10T15:41:06.000Z";"2024";1;""
353;"https://hollyngrade.com/dogs/2024/20250420_083243.webp";"image";"";864;1920;"";"";"";"2025-04-20T08:32:43.000Z";"2024";1;""
354;"https://hollyngrade.com/dogs/2024/chasm1.webp";"image";"";610;430;"";"";"";"2024-01-01T23:44:20.000Z";"2024";1;""
355;"https://hollyngrade.com/dogs/2024/chasm2.webp";"image";"";430;375;"";"";"";"2024-01-01T23:44:32.000Z";"2024";1;""
356;"https://hollyngrade.com/dogs/2024/chasm3.webp";"image";"";468;287;"";"";"";"2024-01-01T23:44:41.000Z";"2024";1;""
357;"https://hollyngrade.com/dogs/2024/IMG_20240226_225523_301.webp";"image";"";1080;1080;"";"";"";"2024-02-26T23:48:50.000Z";"2024";1;""
358;"https://hollyngrade.com/dogs/2024/KC_costumes1.webp";"image";"";1920;864;"";"";"";"2024-09-21T21:48:43.000Z";"2024";1;""
359;"https://hollyngrade.com/dogs/2024/KC_costumes2.webp";"image";"";1920;864;"";"";"";"2024-09-21T21:48:45.000Z";"2024";1;""
360;"https://hollyngrade.com/dogs/2024/pfp.webp";"image";"";1079;1072;"";"";"";"2025-01-16T14:04:27.000Z";"2024";1;""
361;"https://hollyngrade.com/dogs/2024/VideoCapture_20240225-214033.webp";"image";"";1920;1080;"";"";"";"2024-02-25T23:50:06.000Z";"2024";1;""
362;"https://hollyngrade.com/dogs/2024/VideoCapture_20240225-214132.webp";"image";"";1920;1080;"";"";"";"2024-02-25T23:49:56.000Z";"2024";1;""
363;"https://hollyngrade.com/dogs/2024/VideoCapture_20240518-130556.webp";"image";"";720;1558;"";"";"";"2024-05-18T13:04:09.000Z";"2024";1;""
364;"https://hollyngrade.com/dogs/2024/VideoCapture_20240518-130601.webp";"image";"";720;1558;"";"";"";"2024-05-18T13:04:09.000Z";"2024";1;""
365;"https://hollyngrade.com/dogs/2024/VideoCapture_20240518-130611.webp";"image";"";720;1558;"";"";"";"2024-05-18T13:04:09.000Z";"2024";1;""
366;"https://hollyngrade.com/dogs/2024/VideoCapture_20240518-130623.webp";"image";"";720;1558;"";"";"";"2024-05-18T13:04:09.000Z";"2024";1;""
367;"https://hollyngrade.com/dogs/2024/VideoCapture_20240518-130655.webp";"image";"";720;1558;"";"";"";"2024-05-18T13:04:09.000Z";"2024";1;""
368;"https://hollyngrade.com/dogs/2024/VideoCapture_20240518-130659.webp";"image";"";720;1558;"";"";"";"2024-05-18T13:04:09.000Z";"2024";1;""
369;"https://hollyngrade.com/dogs/2024/VideoCapture_20240518-130710.webp";"image";"";720;1558;"";"";"";"2024-05-18T13:04:09.000Z";"2024";1;""
370;"https://hollyngrade.com/dogs/2025/20251212_121729.webp";"image";"";1920;864;"";"";"";"2025-12-12T12:17:29.000Z";"2025";1;""
371;"https://hollyngrade.com/dogs/2025/20251226_030130.webp";"image";"";1920;864;"";"";"";"2025-12-26T03:01:30.000Z";"2025";1;""
372;"https://hollyngrade.com/dogs/2025/derpy.webp";"image";"";1152;1808;"";"";"";"2025-07-04T07:57:19.000Z";"2025";1;""
373;"https://hollyngrade.com/dogs/2025/KC_hats.webp";"image";"";1920;864;"";"";"";"2025-09-09T12:42:51.000Z";"2025";1;""
374;"https://hollyngrade.com/dogs/2025/Koda-campfire-stories.webp";"image";"";1440;1920;"";"";"";"2025-03-27T23:28:41.000Z";"2025";1;""
375;"https://hollyngrade.com/dogs/2026/20260228_154502.webp";"image";"";864;1536;"";"";"";"2026-02-28T15:45:02.000Z";"2026";1;""
376;"https://hollyngrade.com/dogs/2026/20260405_183203.webp";"image";"";1304;1080;"";"";"";"2026-04-05T00:55:55.000Z";"2026";1;""
377;"https://hollyngrade.com/dogs/05-Sanger/pool boys/IMG_0831.webp";"image";"";629;603;"";"";"";"2013-08-31T01:09:00.000Z";"05-Sanger/pool boys";1;""
378;"https://hollyngrade.com/dogs/05-Sanger/pool boys/IMG_1413.webp";"image";"";1200;1600;"";"";"";"2013-09-21T01:09:21.000Z";"05-Sanger/pool boys";1;""
379;"https://hollyngrade.com/dogs/05-Sanger/pool boys/IMG_1428.webp";"image";"";1200;1600;"";"";"";"2013-09-23T16:20:21.000Z";"05-Sanger/pool boys";1;""
380;"https://hollyngrade.com/dogs/05-Sanger/pool boys/IMG_1429.webp";"image";"";480;640;"";"";"";"2013-09-23T16:22:36.000Z";"05-Sanger/pool boys";1;""
381;"https://hollyngrade.com/dogs/05-Sanger/pool boys/IMG_1430.webp";"image";"";480;640;"";"";"";"2013-09-23T16:23:22.000Z";"05-Sanger/pool boys";1;""
382;"https://hollyngrade.com/dogs/05-Sanger/pool boys/IMG_1431.webp";"image";"";1600;1200;"";"";"";"2013-09-23T16:23:53.000Z";"05-Sanger/pool boys";1;""
383;"https://hollyngrade.com/dogs/05-Sanger/pool boys/IMG_1432.webp";"image";"";480;640;"";"";"";"2013-09-23T17:01:52.000Z";"05-Sanger/pool boys";1;""
384;"https://hollyngrade.com/dogs/05-Sanger/pool boys/IMG_2565.webp";"image";"";1440;1920;"";"";"";"2014-06-07T14:25:19.000Z";"05-Sanger/pool boys";1;""
385;"https://hollyngrade.com/dogs/05-Sanger/pool boys/IMG_2568.webp";"image";"";960;1280;"";"";"";"2014-06-07T14:25:34.000Z";"05-Sanger/pool boys";1;""
386;"https://hollyngrade.com/dogs/05-Sanger/pool boys/IMG_2569.webp";"image";"";960;1280;"";"";"";"2014-06-07T14:25:39.000Z";"05-Sanger/pool boys";1;""
387;"https://hollyngrade.com/dogs/05-Sanger/pool boys/IMG_2570.webp";"image";"";960;1280;"";"";"";"2014-06-07T14:25:41.000Z";"05-Sanger/pool boys";1;""
388;"https://hollyngrade.com/dogs/02-meetingKoda/koda-chasm-chicken.mp4";"video";"Koda and Chasm as puppies, play-fighting over a rubber chicken.";1280;720;"Chicken Fight";"Koda and Chasm as puppies, play-fighting over a rubber chicken.";"";"2012-03-17T11:22:47.000Z";"02-meetingKoda";1;"https://hollyngrade.com/dogs/02-meetingKoda/koda-chasm-chicken_poster.webp"
389;"https://hollyngrade.com/dogs/2019/Video Jul 01, 17 52 51.mp4";"video";"";720;1280;"";"";"";"2019-07-02T05:52:51.000Z";"2019";1;"https://hollyngrade.com/dogs/2019/Video Jul 01, 17 52 51_poster.webp"
390;"https://hollyngrade.com/dogs/2019/Video Oct 29, 20 54 41.mp4";"video";"";640;1136;"";"";"";"2019-10-30T11:21:47.000Z";"2019";1;"https://hollyngrade.com/dogs/2019/Video Oct 29, 20 54 41_poster.webp"
391;"https://hollyngrade.com/dogs/2019/Video Sep 05, 17 39 06.mp4";"video";"";720;1280;"";"";"";"2019-09-06T05:39:06.000Z";"2019";1;"https://hollyngrade.com/dogs/2019/Video Sep 05, 17 39 06_poster.webp"
392;"https://hollyngrade.com/dogs/2020/20201107_183709.mp4";"video";"";1920;1080;"";"";"";"2020-11-08T08:37:28.000Z";"2020";1;"https://hollyngrade.com/dogs/2020/20201107_183709_poster.webp"
393;"https://hollyngrade.com/dogs/2023/20230525_151049.mp4";"video";"";1080;1920;"";"";"";"2023-05-26T05:10:56.000Z";"2023";1;"https://hollyngrade.com/dogs/2023/20230525_151049_poster.webp"
394;"https://hollyngrade.com/dogs/2024/20240112_161657.mp4";"video";"";1920;1080;"";"";"";"2024-01-13T08:17:13.000Z";"2024";1;"https://hollyngrade.com/dogs/2024/20240112_161657_poster.webp"
395;"https://hollyngrade.com/dogs/2024/20240129_102653.mp4";"video";"";1920;1080;"";"";"";"2024-01-30T02:27:26.000Z";"2024";1;"https://hollyngrade.com/dogs/2024/20240129_102653_poster.webp"
396;"https://hollyngrade.com/dogs/2025/20250107_223416.mp4";"video";"";720;1600;"";"";"";"2025-01-07T16:55:27.000Z";"2025";1;"https://hollyngrade.com/dogs/2025/20250107_223416_poster.webp"
397;"https://hollyngrade.com/dogs/2025/20250526_164630.mp4";"video";"";1558;720;"";"";"";"2025-05-27T11:20:42.000Z";"2025";1;"https://hollyngrade.com/dogs/2025/20250526_164630_poster.webp"
398;"https://hollyngrade.com/dogs/2025/20251021_213127.mp4";"video";"";2400;1080;"";"";"";"2025-10-22T11:32:09.000Z";"2025";1;"https://hollyngrade.com/dogs/2025/20251021_213127_poster.webp"
399;"https://hollyngrade.com/dogs/2019/sad that matt is leaving/Video Sep 18, 00 01 23.mp4";"video";"";720;1280;"";"";"";"2019-09-18T12:01:23.000Z";"2019/sad that matt is leaving";1;"https://hollyngrade.com/dogs/2019/sad that matt is leaving/Video Sep 18, 00 01 23_poster.webp"
400;"https://hollyngrade.com/dogs/2019/sad that matt is leaving/Video Sep 18, 00 03 25.mp4";"video";"";720;1280;"";"";"";"2019-09-18T12:03:25.000Z";"2019/sad that matt is leaving";1;"https://hollyngrade.com/dogs/2019/sad that matt is leaving/Video Sep 18, 00 03 25_poster.webp"
401;"https://hollyngrade.com/dogs/2019/sad that matt is leaving/Video Sep 18, 00 04 18.mp4";"video";"";720;1280;"";"";"";"2019-09-18T12:04:18.000Z";"2019/sad that matt is leaving";1;"https://hollyngrade.com/dogs/2019/sad that matt is leaving/Video Sep 18, 00 04 18_poster.webp"
402;"https://hollyngrade.com/dogs/2019/sad that matt is leaving/Video Sep 18, 12 24 03.mp4";"video";"";720;1280;"";"";"";"2019-09-19T00:24:03.000Z";"2019/sad that matt is leaving";1;"https://hollyngrade.com/dogs/2019/sad that matt is leaving/Video Sep 18, 12 24 03_poster.webp"
403;"https://hollyngrade.com/dogs/2019/sad that matt is leaving/Video Sep 21, 19 42 52.mp4";"video";"";720;1280;"";"";"";"2019-09-22T07:42:52.000Z";"2019/sad that matt is leaving";1;"https://hollyngrade.com/dogs/2019/sad that matt is leaving/Video Sep 21, 19 42 52_poster.webp"
404;"https://hollyngrade.com/dogs/2019/sad that matt is leaving/Video Sep 21, 19 45 00.mp4";"video";"";720;1280;"";"";"";"2019-09-22T07:45:00.000Z";"2019/sad that matt is leaving";1;"https://hollyngrade.com/dogs/2019/sad that matt is leaving/Video Sep 21, 19 45 00_poster.webp"
405;"https://hollyngrade.com/dogs/2019/sad that matt is leaving/Video Sep 21, 19 52 13.mp4";"video";"";720;1280;"";"";"";"2019-09-22T07:52:13.000Z";"2019/sad that matt is leaving";1;"https://hollyngrade.com/dogs/2019/sad that matt is leaving/Video Sep 21, 19 52 13_poster.webp"
